task_id,variant_index,pc1,pc2,pc3
arithmetic_reasoning,0,-0.8636772521544781,6.7340574459666165,3.812758876631924
arithmetic_reasoning,1,8.380065352988158,-5.018045973587364,3.1908459317386866
arithmetic_reasoning,2,-7.608782725022075,-4.782861530753522,2.523278642685756
summarize_paragraph,0,0.28500141571701065,7.449848381388298,-1.8826372923290635
summarize_paragraph,1,7.756251861904686,-1.6228602922711786,-4.105281733224139
summarize_paragraph,2,-7.948858653433311,-2.7601380307428656,-3.5389644255031607
