task_id,variant_index,pc1,pc2,pc3
arithmetic_reasoning,0,-0.3907055263332936,2.1024922120036322,-1.1850560214977177
arithmetic_reasoning,1,-2.877791205479198,-1.617877004586812,-1.2894187725649529
arithmetic_reasoning,2,2.3647880115625393,-0.5206643024444322,-0.4680907838311405
summarize_paragraph,0,-0.0036362721028485013,1.786966660602565,0.8170180799696708
summarize_paragraph,1,-2.0865006875546106,-0.5206886512608955,1.8556492173407035
summarize_paragraph,2,2.993845679907409,-1.2302289143140606,0.26989828058343474
