task_id,variant_index,pc1,pc2,pc3
arithmetic_reasoning,0,-2.193184215345195,-7.406425798945008,3.423207497709629
arithmetic_reasoning,1,9.602674295494635,4.910416210121097,3.889893422127903
arithmetic_reasoning,2,-8.709299042236555,5.088673790917877,4.168573916500916
summarize_paragraph,0,0.7418930607313803,-8.398189464643087,-1.7041247415110976
summarize_paragraph,1,9.498439444732648,2.1181772478862007,-4.321958705539616
summarize_paragraph,2,-8.940523543376917,3.6873480146629096,-5.455591389287739
