task_id,variant_index,pc1,pc2,pc3
arithmetic_reasoning,0,-0.266040437698707,4.008228786133809,3.9420475673319997
arithmetic_reasoning,1,6.653473121173804,-4.333388086969663,1.750607435119842
arithmetic_reasoning,2,-6.136947879957416,-3.9153709789465925,1.5359203447716994
summarize_paragraph,0,0.3440081720205703,4.846412560114699,-0.8179624473259514
summarize_paragraph,1,5.3133750421986345,0.05554878340604545,-3.4545799697487114
summarize_paragraph,2,-5.907868017736891,-0.6614310637382973,-2.956032930148869
