task_id,variant_index,pc1,pc2,pc3
arithmetic_reasoning,0,-0.0759187330844359,-0.4301815187222764,-0.06901426769129242
arithmetic_reasoning,1,0.5588024200515772,0.15660806184738885,-0.048293561885896265
arithmetic_reasoning,2,-0.497459122912954,0.25147607876127137,-0.14053596642875785
summarize_paragraph,0,-0.0907042835450118,-0.43680919244281907,0.07762192092788167
summarize_paragraph,1,0.5606953081730658,0.1715364055140682,0.04030335377121628
summarize_paragraph,2,-0.45541558868224047,0.28737016504236684,0.13991852130684848
