task_id,variant_index,pc1,pc2,pc3
arithmetic_reasoning,0,0.4162091669066485,0.7580074477565715,0.17925489105525522
arithmetic_reasoning,1,0.5434691237268248,-0.7766122552764522,0.08085011739597475
arithmetic_reasoning,2,-0.7935180689666869,0.005080490743061324,0.2648282589160158
summarize_paragraph,0,0.5207983949048436,0.8525632512296084,-0.20918831454140102
summarize_paragraph,1,0.6578243760190494,-0.7299145554771864,-0.11188641883790117
summarize_paragraph,2,-1.3447829925906793,-0.1091243789756049,-0.20385853398794337
