task_id,variant_index,pc1,pc2,pc3
arithmetic_reasoning,0,0.07852811499185319,2.5119375796204477,1.5518094090535668
arithmetic_reasoning,1,-3.173570626346578,-1.8853567641870552,1.9060508358762343
arithmetic_reasoning,2,3.689190239658892,-0.7019988567360631,0.8013675818265504
summarize_paragraph,0,-0.7436187973520472,2.299702311103603,-1.266295799842892
summarize_paragraph,1,-3.4172459272093207,-0.8666614074552551,-1.8190286982573107
summarize_paragraph,2,3.566716996257196,-1.3576228623456754,-1.173903328656149
