task_id,variant_index,pc1,pc2,pc3
arithmetic_reasoning,0,3.4818587634549907,-9.61201631356192,-2.3108635810486247
arithmetic_reasoning,1,-14.643506322019485,4.92510320435002,2.9485961280027153
arithmetic_reasoning,2,10.756069999263081,11.010787101472507,-8.319765434011964
summarize_paragraph,0,1.2895660872349421,-10.946023803946904,-2.6945258202377853
summarize_paragraph,1,-13.723441007665492,2.1863049470247082,-0.4125041097905925
summarize_paragraph,2,12.839452479731976,2.4358448646615947,10.789062817086231
