task_id,variant_index,pc1,pc2,pc3
arithmetic_reasoning,0,0.5277056523240206,1.3746474669902085,-0.7283588330998714
arithmetic_reasoning,1,1.7381333841415245,-1.112105377938173,-0.8724058093987052
arithmetic_reasoning,2,-2.0213099434092743,-0.07517102788648011,0.00304642383423821
summarize_paragraph,0,0.4235309720163288,1.4528290578577225,0.6005462663636498
summarize_paragraph,1,1.7998430469801303,-0.8453030351555816,0.9638455917684613
summarize_paragraph,2,-2.4679031120527277,-0.7948970838676954,0.03332636053222768
