task_id,variant_index,pc1,pc2,pc3
arithmetic_reasoning,0,0.26575623017365063,3.118353774928709,2.603656749389775
arithmetic_reasoning,1,-5.258297112031969,-2.969038463897783,1.693128780687392
arithmetic_reasoning,2,4.237816131743186,-2.1758808548733253,1.9051776382993753
summarize_paragraph,0,-0.10020099570826958,3.4575945383289244,-0.7117838379939296
summarize_paragraph,1,-3.844303896526017,0.01739760839470993,-3.0274985789121023
summarize_paragraph,2,4.699229642349421,-1.4484266028812396,-2.462680751470513
