task_id,variant_index,pc1,pc2,pc3
arithmetic_reasoning,0,3.537020668115459,-8.835620597033518,4.486042059290707
arithmetic_reasoning,1,-13.77572904459113,4.690489622798421,4.4934947957513796
arithmetic_reasoning,2,11.34056497982548,7.0929380540533815,5.689317905056581
summarize_paragraph,0,0.8042553702878561,-10.297672544780427,-2.524425294256806
summarize_paragraph,1,-12.625759527448102,2.3592326669396537,-4.871542814160553
summarize_paragraph,2,10.719647553810429,4.990632798022506,-7.272886651681324
