task_id,variant_index,pc1,pc2,pc3
arithmetic_reasoning,0,-0.0005297986745244043,-0.0024250482956987354,0.0015829757127961616
arithmetic_reasoning,1,0.004916900163189646,0.0011895061992040256,0.0006627795770912657
arithmetic_reasoning,2,-0.0037908957656453764,0.0015942131988768832,-7.354284550245473e-05
summarize_paragraph,0,-0.0006117690475656868,-0.0036622498008284593,-0.0012213959546888576
summarize_paragraph,1,0.004672904476768864,0.0012920846777365641,-0.0008439697256233116
summarize_paragraph,2,-0.00465734115222304,0.002011494020709723,-0.00010684676407280409
