task_id,variant_index,pc1,pc2,pc3
arithmetic_reasoning,0,-0.0009289481448669914,0.0033457136766637786,-7.671336385128399e-05
arithmetic_reasoning,1,-0.003539488713250055,-0.0020998848174504903,-0.00016902298779250373
arithmetic_reasoning,2,0.004314641083554053,-0.0007697672255034373,-0.0009337719174279603
summarize_paragraph,0,-0.001093569641454219,0.0030513930163435657,0.0001841890220113871
summarize_paragraph,1,-0.0035842669707518288,-0.002302430111428546,0.0001483169118935518
summarize_paragraph,2,0.00483163238676904,-0.0012250245386248707,0.0008470023351668082
