task_id,variant_index,pc1,pc2,pc3
arithmetic_reasoning,0,-0.00020135823961161257,0.005178437031373452,-0.001029515774290613
arithmetic_reasoning,1,-0.008366842238269705,-0.0024026053588096746,-0.0014345904356075306
arithmetic_reasoning,2,0.005552880991271755,-0.0009835368998698528,-0.0036872103576921582
summarize_paragraph,0,0.0017463375797602929,0.005424165576043016,0.0022951515244231738
summarize_paragraph,1,-0.007132594877089987,-0.0024178428490141037,0.0018115950887698659
summarize_paragraph,2,0.00840157678393926,-0.004798617499722834,0.0020445699543972626
