task_id,variant_index,pc1,pc2,pc3
arithmetic_reasoning,0,0.0015929205985002971,0.0036875745863581746,0.00019258233016259156
arithmetic_reasoning,1,0.003594994660127124,-0.002763890565945469,0.00027718046244201006
arithmetic_reasoning,2,-0.005158390062224477,-0.0010033195973405287,-0.00030016351269150047
summarize_paragraph,0,0.0015081354692818058,0.003786840903398763,-0.0002002576893301912
summarize_paragraph,1,0.0038613937099815274,-0.002898329271500304,-0.00025744423575024404
summarize_paragraph,2,-0.0053990543756662745,-0.000808876054970639,0.0002881026451673345
