task_id,variant_index,pc1,pc2,pc3
arithmetic_reasoning,0,-0.0029820596635860186,0.0028146620170772887,1.9816089735262286e-06
arithmetic_reasoning,1,-0.003959861986255529,-0.00250205988997354,0.0001024307141539892
arithmetic_reasoning,2,0.006480287383337122,-0.0002791953221757611,0.0006828148524369636
summarize_paragraph,0,-0.0028934896734021313,0.0028049267738886685,-1.8273073850592094e-05
summarize_paragraph,1,-0.003848952756246106,-0.0026109170988944524,-0.00013330423793905032
summarize_paragraph,2,0.007204076696152668,-0.00022741647992220238,-0.0006356498637748357
