task_id,variant_index,pc1,pc2,pc3
arithmetic_reasoning,0,-0.0009288989235218401,-0.002572935643565688,-0.0005601487836228975
arithmetic_reasoning,1,0.004832677204564254,0.00043470782081447547,-0.0005002000702525235
arithmetic_reasoning,2,-0.003413101600462659,0.0017347100192775646,0.0006684099131305978
summarize_paragraph,0,-0.0015610912097791963,-0.0021842816259316214,0.0006629786749867432
summarize_paragraph,1,0.004462692084940155,0.0008655173992316767,0.0005466428503752261
summarize_paragraph,2,-0.0033922775557407164,0.0017222820301735957,-0.000817682584617145
