task_id,variant_index,pc1,pc2,pc3
arithmetic_reasoning,0,0.0004887915026755302,-0.004025551862605335,-0.0014355505470748672
arithmetic_reasoning,1,-0.00663783357965127,0.001901880117478678,-0.001554524355765971
arithmetic_reasoning,2,0.005000592803639645,0.0020397936049206876,-0.002337218820089002
summarize_paragraph,0,0.0018490985626519933,-0.0045902650370990014,0.001530197725421596
summarize_paragraph,1,-0.006956472057454971,0.001238309999374662,0.0018553139920051388
summarize_paragraph,2,0.00625582276813907,0.0034358331779303073,0.0019417820055031058
