task_id,variant_index,pc1,pc2,pc3
arithmetic_reasoning,0,-0.0022196937319986986,-0.01378383440163741,0.003699972364585745
arithmetic_reasoning,1,-0.019399773586758193,0.007865833058791852,0.00450838379487798
arithmetic_reasoning,2,0.022772521613399568,0.00431000514875616,0.005651574940597888
summarize_paragraph,0,-0.005065129594357203,-0.016326393589921797,-0.004426140643734663
summarize_paragraph,1,-0.020288158134306893,0.011078438600563952,-0.0038853904804914048
summarize_paragraph,2,0.02420023343402137,0.006855951183447252,-0.0055483999758355485
