layer,n_clusters,method,adjusted_rand_index,normalized_mutual_info
0,4,kmeans,-0.008853118712273641,0.20708954579498062
1,4,kmeans,0.0,0.2303813043125676
2,4,kmeans,0.06299874002519949,0.30688334444455045
3,4,kmeans,0.05847953216374269,0.30525411525985724
4,4,kmeans,0.13533834586466165,0.42572496572879365
5,4,kmeans,0.13533834586466165,0.42572496572879365
6,4,kmeans,0.13533834586466165,0.42572496572879365
7,4,kmeans,0.1210820094461142,0.38811970958576497
